Date,Open,High,Low,Close,DayCount
2013-01-02,13104.299805,13412.709961,13104.299805,13412.549805,1827.0
2013-01-03,13413.009766,13430.599609,13358.299805,13391.360352,1828.0
2013-01-04,13391.049805,13447.110352,13376.230469,13435.209961,1829.0
2013-01-07,13436.129883,13436.129883,13343.320313,13384.290039,1832.0
2013-01-08,13377.419922,13377.419922,13293.129883,13328.849609,1833.0
2013-01-09,13329.919922,13416.549805,13329.080078,13390.509766,1834.0
2013-01-10,13391.820313,13478.200195,13382.290039,13471.219727,1835.0
2013-01-11,13471.450195,13496.679688,13439.969727,13488.429688,1836.0
2013-01-14,13488.429688,13520.179688,13459.839844,13507.320313,1839.0
2013-01-15,13507.320313,13546.370117,13445.799805,13534.889648,1840.0
2013-01-16,13534.889648,13534.889648,13468.959961,13511.230469,1841.0
2013-01-17,13511.230469,13633.889648,13510.240234,13596.019531,1842.0
2013-01-18,13596.019531,13649.929688,13571.860352,13649.700195,1843.0
2013-01-22,13649.700195,13712.209961,13622.959961,13712.209961,1847.0
2013-01-23,13712.209961,13794.290039,13710.129883,13779.330078,1848.0
2013-01-24,13779.330078,13879.660156,13779.330078,13825.330078,1849.0
2013-01-25,13825.330078,13895.980469,13825.330078,13895.980469,1850.0
2013-01-28,13895.980469,13915.719727,13862.570313,13881.929688,1853.0
2013-01-29,13881.929688,13969.990234,13880.009766,13954.419922,1854.0
2013-01-30,13954.419922,13966.129883,13896.950195,13910.419922,1855.0
2013-01-31,13910.419922,13941.059570,13860.580078,13860.580078,1856.0
2013-02-01,13860.580078,14019.780273,13860.580078,14009.790039,1857.0
2013-02-04,14009.790039,14009.790039,13866.830078,13880.080078,1860.0
2013-02-05,13880.080078,14013.599609,13880.080078,13979.299805,1861.0
2013-02-06,13979.299805,13991.610352,13913.179688,13986.519531,1862.0
2013-02-07,13986.519531,13988.059570,13852.200195,13944.049805,1863.0
2013-02-08,13944.049805,14022.620117,13944.049805,13992.969727,1864.0
2013-02-11,13992.969727,13992.969727,13940.410156,13971.240234,1867.0
2013-02-12,13971.240234,14038.969727,13968.940430,14018.700195,1868.0
2013-02-13,14018.700195,14029.349609,13945.780273,13982.910156,1869.0
2013-02-14,13982.910156,13990.360352,13921.940430,13973.389648,1870.0
2013-02-15,13973.389648,14001.929688,13906.730469,13981.759766,1871.0
2013-02-19,13981.759766,14044.820313,13977.900391,14035.669922,1875.0
2013-02-20,14035.669922,14058.269531,13919.280273,13927.540039,1876.0
2013-02-21,13927.540039,13927.540039,13834.400391,13880.620117,1877.0
2013-02-22,13880.620117,14001.190430,13880.620117,14000.570313,1878.0
2013-02-25,14000.570313,14081.580078,13784.009766,13784.169922,1881.0
2013-02-26,13784.169922,13918.440430,13784.169922,13900.129883,1882.0
2013-02-27,13900.129883,14104.860352,13880.190430,14075.370117,1883.0
2013-02-28,14075.370117,14149.150391,14050.179688,14054.490234,1884.0
2013-03-01,14054.490234,14107.089844,13937.599609,14089.660156,1885.0
2013-03-04,14089.660156,14128.209961,14030.370117,14127.820313,1888.0
2013-03-05,14127.820313,14286.370117,14127.820313,14253.769531,1889.0
2013-03-06,14253.769531,14320.650391,14253.000000,14296.240234,1890.0
2013-03-07,14296.240234,14354.690430,14296.240234,14329.490234,1891.0
2013-03-08,14329.490234,14413.169922,14329.490234,14397.070313,1892.0
2013-03-11,14397.070313,14448.059570,14373.320313,14447.290039,1895.0
2013-03-12,14447.290039,14478.799805,14412.059570,14450.059570,1896.0
2013-03-13,14450.059570,14472.799805,14411.660156,14455.280273,1897.0
2013-03-14,14455.280273,14539.290039,14455.280273,14539.139648,1898.0
2013-03-15,14539.139648,14539.139648,14470.500000,14514.110352,1899.0
2013-03-18,14514.110352,14521.589844,14404.209961,14452.059570,1902.0
2013-03-19,14452.059570,14514.339844,14382.089844,14455.820313,1903.0
2013-03-20,14455.820313,14546.820313,14455.820313,14511.730469,1904.0
2013-03-21,14511.730469,14511.730469,14383.019531,14421.490234,1905.0
2013-03-22,14421.490234,14519.950195,14421.490234,14512.030273,1906.0
2013-03-25,14512.030273,14563.750000,14395.000000,14447.750000,1909.0
2013-03-26,14447.750000,14561.540039,14447.750000,14559.650391,1910.0
2013-03-27,14559.650391,14559.650391,14439.549805,14526.160156,1911.0
2013-03-28,14526.160156,14585.099609,14520.860352,14578.540039,1912.0
2013-04-01,14578.540039,14605.719727,14531.480469,14572.849609,1916.0
2013-04-02,14572.849609,14684.490234,14572.849609,14662.009766,1917.0
2013-04-03,14662.009766,14683.129883,14525.360352,14550.349609,1918.0
2013-04-04,14550.349609,14625.240234,14538.719727,14606.110352,1919.0
2013-04-05,14606.110352,14606.110352,14434.429688,14565.250000,1920.0
2013-04-08,14565.250000,14613.480469,14497.799805,14613.480469,1923.0
2013-04-09,14613.480469,14716.459961,14598.500000,14673.459961,1924.0
2013-04-10,14673.459961,14826.660156,14673.459961,14802.240234,1925.0
2013-04-11,14802.240234,14887.509766,14785.360352,14865.139648,1926.0
2013-04-12,14865.139648,14865.209961,14790.570313,14865.059570,1927.0
2013-04-15,14865.059570,14865.059570,14598.580078,14599.200195,1930.0
2013-04-16,14599.200195,14761.730469,14599.200195,14756.780273,1931.0
2013-04-17,14756.780273,14756.780273,14560.809570,14618.589844,1932.0
2013-04-18,14618.589844,14650.259766,14495.290039,14537.139648,1933.0
2013-04-19,14537.139648,14553.730469,14444.030273,14547.509766,1934.0
2013-04-22,14547.509766,14588.830078,14457.599609,14567.169922,1937.0
2013-04-23,14567.169922,14721.419922,14554.290039,14719.459961,1938.0
2013-04-24,14719.459961,14747.419922,14666.540039,14676.299805,1939.0
2013-04-25,14676.299805,14768.049805,14665.450195,14700.799805,1940.0
2013-04-26,14700.799805,14743.490234,14684.820313,14712.549805,1941.0
2013-04-29,14712.549805,14844.959961,14712.549805,14818.750000,1944.0
2013-04-30,14818.750000,14839.799805,14734.469727,14839.799805,1945.0
2013-05-01,14839.799805,14839.799805,14687.049805,14700.950195,1946.0
2013-05-02,14700.950195,14834.629883,14700.950195,14831.580078,1947.0
2013-05-03,14831.580078,15009.589844,14831.580078,14973.959961,1948.0
2013-05-06,14973.959961,14988.870117,14941.089844,14968.889648,1951.0
2013-05-07,14968.889648,15056.669922,14968.889648,15056.200195,1952.0
2013-05-08,15056.200195,15106.809570,15021.870117,15105.120117,1953.0
2013-05-09,15105.120117,15144.830078,15046.870117,15082.620117,1954.0
2013-05-10,15082.620117,15118.490234,15038.179688,15118.490234,1955.0
2013-05-13,15113.419922,15113.419922,15053.459961,15091.679688,1958.0
2013-05-14,15091.679688,15219.549805,15089.299805,15215.250000,1959.0
2013-05-15,15211.870117,15301.339844,15175.389648,15275.690430,1960.0
2013-05-16,15273.919922,15302.490234,15215.820313,15233.219727,1961.0
2013-05-17,15234.750000,15357.400391,15234.750000,15354.400391,1962.0
2013-05-20,15348.330078,15391.839844,15314.150391,15335.280273,1965.0
2013-05-21,15334.969727,15434.500000,15325.679688,15387.580078,1966.0
2013-05-22,15387.120117,15542.400391,15265.959961,15307.169922,1967.0
2013-05-23,15300.570313,15348.410156,15180.230469,15294.500000,1968.0
2013-05-24,15290.740234,15306.709961,15199.629883,15303.099609,1969.0
2013-05-28,15307.330078,15521.490234,15307.330078,15409.389648,1973.0
2013-05-29,15399.940430,15400.250000,15229.530273,15302.799805,1974.0
2013-05-30,15306.019531,15398.700195,15280.990234,15324.530273,1975.0
2013-05-31,15322.219727,15392.379883,15115.570313,15115.570313,1976.0
2013-06-03,15123.549805,15254.110352,15123.549805,15254.030273,1979.0
2013-06-04,15255.219727,15304.980469,15100.780273,15177.540039,1980.0
2013-06-05,15168.099609,15168.629883,14945.570313,14960.589844,1981.0
2013-06-06,14955.450195,15040.620117,14844.219727,15040.620117,1982.0
2013-06-07,15044.459961,15255.580078,15044.459961,15248.120117,1983.0
2013-06-10,15247.809570,15300.639648,15211.250000,15238.589844,1986.0
2013-06-11,15231.379883,15251.070313,15086.089844,15122.019531,1987.0
2013-06-12,15130.389648,15241.280273,14981.209961,14995.230469,1988.0
2013-06-13,14992.540039,15202.269531,14953.450195,15176.080078,1989.0
2013-06-14,15178.080078,15205.919922,15044.799805,15070.179688,1990.0
2013-06-17,15078.709961,15261.709961,15078.709961,15179.849609,1993.0
2013-06-18,15186.299805,15340.089844,15186.299805,15318.230469,1994.0
2013-06-19,15315.469727,15322.070313,15112.110352,15112.190430,1995.0
2013-06-20,15105.509766,15105.509766,14732.030273,14758.320313,1996.0
2013-06-21,14760.620117,14858.559570,14688.429688,14799.400391,1997.0
2013-06-24,14795.790039,14795.790039,14551.269531,14659.559570,2000.0
2013-06-25,14669.690430,14812.030273,14669.690430,14760.309570,2001.0
2013-06-26,14769.990234,14938.980469,14769.679688,14910.139648,2002.0
2013-06-27,14921.280273,15075.009766,14921.280273,15024.490234,2003.0
2013-06-28,15016.580078,15034.629883,14884.799805,14909.599609,2004.0
2013-07-01,14911.599609,15083.280273,14911.599609,14974.959961,2007.0
2013-07-02,14974.959961,15049.219727,14870.509766,14932.410156,2008.0
2013-07-03,14923.730469,15025.900391,14858.929688,14988.370117,2009.0
2013-07-05,14995.459961,15137.509766,14971.200195,15135.839844,2011.0
2013-07-08,15137.219727,15262.719727,15137.219727,15224.690430,2014.0
2013-07-09,15228.459961,15320.419922,15228.459961,15300.339844,2015.0
2013-07-10,15298.030273,15348.950195,15258.889648,15291.660156,2016.0
2013-07-11,15298.000000,15483.549805,15298.000000,15460.919922,2017.0
2013-07-12,15460.690430,15498.389648,15410.269531,15464.299805,2018.0
2013-07-15,15459.690430,15509.480469,15455.769531,15484.259766,2021.0
2013-07-16,15485.030273,15498.160156,15415.709961,15451.849609,2022.0
2013-07-17,15456.919922,15502.000000,15438.120117,15470.519531,2023.0
2013-07-18,15465.910156,15589.400391,15465.910156,15548.540039,2024.0
2013-07-19,15524.269531,15544.549805,15491.959961,15543.740234,2025.0
2013-07-22,15543.969727,15576.209961,15516.200195,15545.549805,2028.0
2013-07-23,15547.000000,15604.219727,15544.059570,15567.740234,2029.0
2013-07-24,15576.690430,15602.599609,15496.839844,15542.240234,2030.0
2013-07-25,15539.169922,15560.330078,15455.589844,15555.610352,2031.0
2013-07-26,15547.849609,15560.969727,15405.160156,15558.830078,2032.0
2013-07-29,15557.139648,15557.139648,15482.269531,15521.969727,2035.0
2013-07-30,15534.490234,15593.910156,15479.129883,15520.589844,2036.0
2013-07-31,15528.570313,15634.320313,15492.959961,15499.540039,2037.0
2013-08-01,15503.849609,15650.690430,15503.849609,15628.019531,2038.0
2013-08-02,15627.559570,15658.429688,15558.679688,15658.360352,2039.0
2013-08-05,15651.980469,15655.209961,15584.830078,15612.129883,2042.0
2013-08-06,15608.440430,15608.440430,15473.400391,15518.740234,2043.0
2013-08-07,15516.209961,15516.209961,15421.750000,15470.669922,2044.0
2013-08-08,15477.269531,15557.120117,15418.599609,15498.320313,2045.0
2013-08-09,15496.629883,15507.759766,15346.650391,15425.509766,2046.0
2013-08-12,15415.219727,15441.750000,15359.929688,15419.679688,2049.0
2013-08-13,15420.679688,15504.139648,15342.339844,15451.009766,2050.0
2013-08-14,15447.709961,15453.080078,15316.620117,15337.660156,2051.0
2013-08-15,15332.709961,15332.709961,15094.030273,15112.190430,2052.0
2013-08-16,15112.570313,15139.769531,15054.379883,15081.469727,2053.0
2013-08-19,15076.790039,15106.389648,15005.419922,15010.740234,2056.0
2013-08-20,15011.820313,15074.919922,14992.160156,15002.990234,2057.0
2013-08-21,14993.809570,15019.700195,14880.839844,14897.549805,2058.0
2013-08-22,14908.599609,14989.120117,14899.000000,14963.740234,2059.0
2013-08-23,14988.780273,15025.559570,14931.240234,15010.509766,2060.0
2013-08-26,15014.580078,15049.980469,14945.240234,14946.459961,2063.0
2013-08-27,14939.250000,14939.250000,14765.419922,14776.129883,2064.0
2013-08-28,14770.990234,14867.400391,14760.410156,14824.509766,2065.0
2013-08-29,14817.910156,14916.009766,14792.110352,14840.950195,2066.0
2013-08-30,14844.099609,14848.240234,14762.349609,14810.309570,2067.0
2013-09-03,14801.549805,14933.349609,14777.480469,14833.959961,2071.0
2013-09-04,14832.419922,14956.740234,14799.089844,14930.870117,2072.0
2013-09-05,14929.490234,14987.469727,14923.269531,14937.480469,2073.0
2013-09-06,14941.549805,15009.839844,14789.400391,14922.500000,2074.0
2013-09-09,14927.190430,15088.410156,14927.190430,15063.120117,2077.0
2013-09-10,15067.230469,15192.129883,15067.230469,15191.059570,2078.0
2013-09-11,15194.129883,15326.599609,15194.129883,15326.599609,2079.0
2013-09-12,15327.139648,15345.320313,15283.259766,15300.639648,2080.0
2013-09-13,15312.860352,15380.969727,15312.860352,15376.059570,2081.0
2013-09-16,15381.360352,15549.870117,15381.360352,15494.780273,2084.0
2013-09-17,15503.150391,15555.070313,15503.150391,15529.730469,2085.0
2013-09-18,15533.030273,15709.580078,15470.160156,15676.940430,2086.0
2013-09-19,15677.860352,15695.889648,15625.450195,15636.549805,2087.0
2013-09-20,15635.089844,15654.769531,15448.089844,15451.089844,2088.0
2013-09-23,15452.309570,15466.950195,15368.250000,15401.379883,2091.0
2013-09-24,15402.540039,15433.750000,15327.139648,15334.589844,2092.0
2013-09-25,15339.019531,15372.480469,15253.160156,15273.259766,2093.0
2013-09-26,15274.419922,15387.190430,15274.419922,15328.299805,2094.0
2013-09-27,15317.450195,15317.450195,15211.809570,15258.240234,2095.0
2013-09-30,15249.820313,15249.820313,15086.709961,15129.669922,2098.0
2013-10-01,15132.490234,15208.400391,15110.339844,15191.700195,2099.0
2013-10-02,15182.650391,15182.650391,15044.709961,15133.139648,2100.0
2013-10-03,15127.230469,15127.230469,14947.030273,14996.480469,2101.0
2013-10-04,14994.679688,15083.990234,14972.330078,15072.580078,2102.0
2013-10-07,15069.299805,15069.299805,14920.830078,14936.240234,2105.0
2013-10-08,14938.040039,14938.040039,14773.469727,14776.530273,2106.0
2013-10-09,14778.190430,14852.500000,14719.429688,14802.980469,2107.0
2013-10-10,14806.389648,15126.070313,14806.389648,15126.070313,2108.0
2013-10-11,15126.519531,15237.299805,15100.129883,15237.110352,2109.0
2013-10-14,15231.330078,15309.480469,15136.379883,15301.259766,2112.0
2013-10-15,15300.299805,15301.910156,15161.330078,15168.009766,2113.0
2013-10-16,15170.700195,15374.150391,15170.700195,15373.830078,2114.0
2013-10-17,15369.459961,15376.110352,15229.019531,15371.650391,2115.0
2013-10-18,15371.709961,15412.969727,15321.809570,15399.650391,2116.0
2013-10-21,15401.320313,15410.179688,15362.660156,15392.200195,2119.0
2013-10-22,15394.219727,15518.099609,15394.219727,15467.660156,2120.0
2013-10-23,15465.339844,15465.660156,15366.190430,15413.330078,2121.0
2013-10-24,15414.870117,15528.629883,15414.129883,15509.209961,2122.0
2013-10-25,15523.719727,15570.599609,15512.959961,15570.280273,2123.0
2013-10-28,15569.190430,15599.089844,15533.480469,15568.929688,2126.0
2013-10-29,15572.209961,15683.080078,15572.209961,15680.349609,2127.0
2013-10-30,15680.740234,15721.000000,15574.519531,15618.759766,2128.0
2013-10-31,15619.919922,15651.860352,15544.690430,15545.750000,2129.0
2013-11-01,15558.009766,15649.400391,15543.250000,15615.549805,2130.0
2013-11-04,15621.200195,15658.900391,15588.480469,15639.120117,2133.0
2013-11-05,15631.219727,15651.889648,15522.179688,15618.219727,2134.0
2013-11-06,15628.719727,15750.290039,15628.719727,15746.879883,2135.0
2013-11-07,15751.309570,15797.679688,15586.330078,15593.980469,2136.0
2013-11-08,15591.540039,15764.290039,15579.349609,15761.780273,2137.0
2013-11-11,15759.280273,15791.450195,15737.219727,15783.099609,2140.0
2013-11-12,15773.150391,15793.379883,15708.290039,15750.669922,2141.0
2013-11-13,15739.500000,15822.980469,15672.000000,15821.629883,2142.0
2013-11-14,15806.219727,15884.990234,15798.740234,15876.219727,2143.0
2013-11-15,15876.160156,15962.980469,15875.900391,15961.700195,2144.0
2013-11-18,15962.719727,16030.280273,15942.169922,15976.019531,2147.0
2013-11-19,15974.059570,16025.849609,15943.780273,15967.030273,2148.0
2013-11-20,15971.200195,16016.849609,15865.370117,15900.820313,2149.0
2013-11-21,15908.070313,16016.040039,15908.070313,16009.990234,2150.0
2013-11-22,16008.709961,16068.780273,15976.269531,16064.769531,2151.0
2013-11-25,16072.089844,16109.629883,16055.459961,16072.540039,2154.0
2013-11-26,16070.929688,16120.250000,16070.929688,16072.799805,2155.0
2013-11-27,16073.370117,16107.990234,16057.339844,16097.330078,2156.0
2013-11-29,16105.160156,16174.509766,16074.139648,16086.410156,2158.0
2013-12-02,16087.120117,16098.000000,15986.230469,16008.769531,2161.0
2013-12-03,16004.719727,16004.719727,15859.679688,15914.620117,2162.0
2013-12-04,15910.509766,15960.360352,15791.290039,15889.769531,2163.0
2013-12-05,15886.500000,15896.190430,15809.370117,15821.509766,2164.0
2013-12-06,15825.549805,16022.349609,15825.549805,16020.200195,2165.0
2013-12-09,16019.490234,16058.400391,16015.290039,16025.530273,2168.0
2013-12-10,16024.120117,16029.059570,15969.530273,15973.129883,2169.0
2013-12-11,15970.750000,15997.219727,15827.700195,15843.530273,2170.0
2013-12-12,15844.820313,15845.110352,15703.790039,15739.429688,2171.0
2013-12-13,15745.660156,15792.799805,15717.919922,15755.360352,2172.0
2013-12-16,15759.599609,15930.309570,15759.599609,15884.570313,2175.0
2013-12-17,15884.059570,15917.959961,15836.450195,15875.259766,2176.0
2013-12-18,15876.570313,16173.040039,15808.919922,16167.969727,2177.0
2013-12-19,16162.509766,16194.719727,16121.540039,16179.080078,2178.0
2013-12-20,16178.570313,16287.839844,16178.570313,16221.139648,2179.0
2013-12-23,16225.250000,16318.110352,16225.250000,16294.610352,2182.0
2013-12-24,16295.700195,16360.599609,16295.700195,16357.549805,2183.0
2013-12-26,16370.969727,16483.000000,16370.969727,16479.880859,2185.0
2013-12-27,16486.369141,16529.009766,16461.230469,16478.410156,2186.0
2013-12-30,16484.509766,16504.349609,16476.869141,16504.289063,2189.0
2013-12-31,16512.380859,16588.250000,16511.480469,16576.660156,2190.0
2014-01-02,16572.169922,16573.070313,16416.490234,16441.349609,2192.0
2014-01-03,16456.890625,16518.740234,16439.300781,16469.990234,2193.0
2014-01-06,16474.039063,16532.990234,16405.519531,16425.099609,2196.0
2014-01-07,16429.019531,16562.320313,16429.019531,16530.939453,2197.0
2014-01-08,16527.660156,16528.880859,16416.689453,16462.740234,2198.0
2014-01-09,16471.410156,16525.349609,16378.610352,16444.759766,2199.0
2014-01-10,16453.619141,16487.650391,16379.019531,16437.050781,2200.0
2014-01-13,16434.029297,16453.130859,16240.599609,16257.940430,2203.0
2014-01-14,16261.990234,16373.919922,16260.830078,16373.860352,2204.0
2014-01-15,16378.030273,16505.279297,16376.780273,16481.939453,2205.0
2014-01-16,16477.699219,16477.699219,16375.559570,16417.009766,2206.0
2014-01-17,16408.019531,16495.259766,16378.799805,16458.560547,2207.0
2014-01-21,16459.269531,16520.599609,16316.250000,16414.439453,2211.0
2014-01-22,16420.480469,16453.490234,16332.980469,16373.339844,2212.0
2014-01-23,16371.990234,16372.959961,16140.580078,16197.349609,2213.0
2014-01-24,16203.290039,16203.290039,15879.110352,15879.110352,2214.0
2014-01-27,15879.049805,15942.769531,15783.549805,15837.879883,2217.0
2014-01-28,15840.839844,15945.889648,15840.839844,15928.559570,2218.0
2014-01-29,15927.080078,15927.080078,15708.980469,15738.790039,2219.0
2014-01-30,15743.030273,15907.530273,15733.269531,15848.610352,2220.0
2014-01-31,15847.190430,15847.190430,15617.549805,15698.849609,2221.0
2014-02-03,15697.690430,15708.540039,15356.169922,15372.799805,2224.0
2014-02-04,15372.929688,15481.849609,15356.620117,15445.240234,2225.0
2014-02-05,15443.000000,15478.209961,15340.690430,15440.230469,2226.0
2014-02-06,15443.830078,15632.089844,15443.000000,15628.530273,2227.0
2014-02-07,15630.639648,15798.509766,15625.530273,15794.080078,2228.0
2014-02-10,15793.629883,15801.790039,15733.690430,15801.790039,2231.0
2014-02-11,15804.169922,16027.190430,15803.400391,15994.769531,2232.0
2014-02-12,15993.040039,16036.559570,15928.750000,15963.940430,2233.0
2014-02-13,15946.990234,16039.370117,15863.250000,16027.589844,2234.0
2014-02-14,16018.080078,16175.549805,15985.389648,16154.389648,2235.0
2014-02-18,16153.969727,16167.330078,16107.040039,16130.400391,2239.0
2014-02-19,16126.230469,16225.719727,16031.660156,16040.559570,2240.0
2014-02-20,16044.150391,16161.639648,16006.589844,16133.230469,2241.0
2014-02-21,16135.919922,16191.919922,16093.799805,16103.299805,2242.0
2014-02-24,16102.269531,16300.040039,16102.269531,16207.139648,2245.0
2014-02-25,16207.339844,16254.259766,16147.250000,16179.660156,2246.0
2014-02-26,16180.360352,16252.349609,16155.860352,16198.410156,2247.0
2014-02-27,16197.700195,16276.280273,16159.809570,16272.650391,2248.0
2014-02-28,16273.230469,16398.949219,16226.089844,16321.709961,2249.0
2014-03-03,16321.709961,16321.709961,16071.250000,16168.030273,2252.0
2014-03-04,16169.320313,16419.490234,16169.320313,16395.880859,2253.0
2014-03-05,16395.880859,16406.550781,16343.959961,16360.179688,2254.0
2014-03-06,16360.559570,16450.169922,16360.559570,16421.890625,2255.0
2014-03-07,16424.529297,16505.699219,16398.859375,16452.720703,2256.0
2014-03-10,16453.099609,16453.099609,16334.200195,16418.679688,2259.0
2014-03-11,16419.390625,16460.330078,16325.169922,16351.250000,2260.0
2014-03-12,16350.669922,16364.740234,16260.030273,16340.080078,2261.0
2014-03-13,16341.549805,16405.070313,16084.099609,16108.889648,2262.0
2014-03-14,16106.320313,16165.049805,16046.990234,16065.669922,2263.0
2014-03-17,16066.370117,16270.339844,16066.370117,16247.219727,2266.0
2014-03-18,16245.929688,16369.940430,16245.929688,16336.190430,2267.0
2014-03-19,16335.709961,16363.320313,16126.290039,16222.169922,2268.0
2014-03-20,16221.980469,16353.980469,16160.330078,16331.049805,2269.0
2014-03-21,16332.690430,16456.449219,16290.790039,16302.769531,2270.0
2014-03-24,16303.280273,16380.509766,16215.559570,16276.690430,2273.0
2014-03-25,16279.200195,16407.179688,16279.200195,16367.879883,2274.0
2014-03-26,16370.709961,16466.039063,16268.990234,16268.990234,2275.0
2014-03-27,16268.669922,16300.940430,16191.790039,16264.230469,2276.0
2014-03-28,16267.769531,16414.859375,16267.769531,16323.059570,2277.0
2014-03-31,16324.219727,16480.849609,16324.219727,16457.660156,2280.0
2014-04-01,16458.050781,16565.730469,16457.599609,16532.609375,2281.0
2014-04-02,16532.800781,16588.189453,16506.599609,16573.000000,2282.0
2014-04-03,16572.359375,16604.150391,16527.599609,16572.550781,2283.0
2014-04-04,16576.019531,16631.630859,16392.769531,16412.710938,2284.0
2014-04-07,16414.150391,16421.380859,16244.009766,16245.870117,2287.0
2014-04-08,16245.160156,16296.860352,16180.280273,16256.139648,2288.0
2014-04-09,16256.370117,16438.820313,16256.370117,16437.179688,2289.0
2014-04-10,16437.240234,16456.119141,16153.339844,16170.219727,2290.0
2014-04-11,16168.870117,16168.870117,16015.320313,16026.750000,2291.0
2014-04-14,16028.290039,16184.759766,16028.290039,16173.240234,2294.0
2014-04-15,16173.490234,16272.950195,16063.200195,16262.559570,2295.0
2014-04-16,16266.230469,16424.849609,16266.230469,16424.849609,2296.0
2014-04-17,16424.140625,16460.490234,16368.139648,16408.539063,2297.0
2014-04-21,16408.919922,16459.779297,16402.080078,16449.250000,2301.0
2014-04-22,16449.380859,16565.710938,16449.380859,16514.369141,2302.0
2014-04-23,16513.730469,16525.990234,16477.279297,16501.650391,2303.0
2014-04-24,16503.390625,16541.259766,16452.300781,16501.650391,2304.0
2014-04-25,16503.259766,16503.259766,16333.780273,16361.459961,2305.0
2014-04-28,16363.200195,16500.369141,16312.660156,16448.740234,2308.0
2014-04-29,16451.179688,16559.390625,16451.179688,16535.369141,2309.0
2014-04-30,16534.859375,16592.279297,16510.869141,16580.839844,2310.0
2014-05-01,16580.259766,16604.789063,16525.250000,16558.869141,2311.0
2014-05-02,16562.339844,16620.060547,16488.310547,16512.890625,2312.0
2014-05-05,16509.750000,16547.919922,16377.089844,16530.550781,2315.0
2014-05-06,16529.849609,16529.849609,16399.990234,16401.019531,2316.0
2014-05-07,16401.660156,16522.939453,16357.349609,16518.539063,2317.0
2014-05-08,16518.160156,16622.949219,16502.009766,16550.970703,2318.0
2014-05-09,16551.230469,16588.769531,16498.710938,16583.339844,2319.0
2014-05-12,16584.820313,16704.839844,16584.820313,16695.470703,2322.0
2014-05-13,16695.919922,16735.509766,16695.919922,16715.439453,2323.0
2014-05-14,16716.080078,16717.560547,16595.000000,16613.970703,2324.0
2014-05-15,16613.519531,16622.900391,16397.460938,16446.810547,2325.0
2014-05-16,16447.320313,16498.990234,16414.320313,16491.310547,2326.0
2014-05-19,16490.349609,16526.259766,16442.119141,16511.859375,2329.0
2014-05-20,16511.220703,16511.220703,16341.299805,16374.309570,2330.0
2014-05-21,16376.169922,16544.599609,16376.169922,16533.060547,2331.0
2014-05-22,16532.740234,16565.390625,16489.609375,16543.080078,2332.0
2014-05-23,16544.490234,16613.070313,16544.490234,16606.269531,2333.0
2014-05-27,16607.419922,16688.689453,16607.419922,16675.500000,2337.0
2014-05-28,16674.980469,16674.980469,16620.220703,16633.179688,2338.0
2014-05-29,16637.740234,16698.740234,16620.429688,16698.740234,2339.0
2014-05-30,16697.330078,16721.220703,16648.849609,16717.169922,2340.0
2014-06-02,16716.849609,16756.640625,16682.070313,16743.630859,2343.0
2014-06-03,16736.699219,16736.699219,16690.009766,16722.339844,2344.0
2014-06-04,16720.000000,16742.910156,16673.650391,16737.529297,2345.0
2014-06-05,16739.140625,16845.810547,16709.949219,16836.109375,2346.0
2014-06-06,16839.640625,16924.279297,16839.640625,16924.279297,2347.0
2014-06-09,16926.080078,16970.169922,16912.919922,16943.099609,2350.0
2014-06-10,16940.400391,16946.339844,16897.439453,16945.919922,2351.0
2014-06-11,16943.160156,16943.160156,16821.849609,16843.880859,2352.0
2014-06-12,16840.480469,16841.570313,16703.730469,16734.189453,2353.0
2014-06-13,16734.640625,16787.890625,16718.599609,16775.740234,2354.0
2014-06-16,16765.560547,16802.140625,16722.859375,16781.009766,2357.0
2014-06-17,16779.210938,16823.550781,16732.910156,16808.490234,2358.0
2014-06-18,16806.119141,16911.410156,16755.289063,16906.619141,2359.0
2014-06-19,16909.900391,16923.429688,16858.880859,16921.460938,2360.0
2014-06-20,16920.619141,16978.019531,16920.619141,16947.080078,2361.0
2014-06-23,16946.500000,16954.269531,16896.089844,16937.259766,2364.0
2014-06-24,16934.619141,16969.699219,16805.230469,16818.130859,2365.0
2014-06-25,16817.679688,16883.539063,16799.410156,16867.509766,2366.0
2014-06-26,16866.810547,16872.519531,16746.089844,16846.130859,2367.0
2014-06-27,16846.900391,16862.730469,16773.839844,16851.839844,2368.0
2014-06-30,16852.490234,16871.269531,16801.939453,16826.599609,2371.0
2014-07-01,16828.529297,16998.699219,16828.529297,16956.070313,2372.0
2014-07-02,16949.710938,16986.630859,16949.710938,16976.240234,2373.0
2014-07-03,16979.000000,17074.650391,16979.000000,17068.259766,2374.0
2014-07-07,17063.830078,17063.830078,16992.449219,17024.210938,2378.0
2014-07-08,17022.089844,17022.089844,16874.789063,16906.619141,2379.0
2014-07-09,16916.830078,16998.949219,16913.810547,16985.609375,2380.0
2014-07-10,16980.349609,16980.349609,16805.380859,16915.070313,2381.0
2014-07-11,16918.310547,16949.460938,16860.300781,16943.810547,2382.0
2014-07-14,16950.929688,17088.429688,16950.929688,17055.419922,2385.0
2014-07-15,17055.029297,17120.339844,17006.390625,17060.679688,2386.0
2014-07-16,17061.910156,17139.349609,17061.910156,17138.199219,2387.0
2014-07-17,17133.449219,17151.560547,16966.189453,16976.810547,2388.0
2014-07-18,16978.160156,17113.509766,16977.519531,17100.179688,2389.0
2014-07-21,17095.109375,17095.109375,16974.339844,17051.730469,2392.0
2014-07-22,17054.970703,17133.429688,17040.130859,17113.539063,2393.0
2014-07-23,17117.009766,17121.050781,17058.050781,17086.630859,2394.0
2014-07-24,17092.019531,17119.830078,17061.070313,17083.800781,2395.0
2014-07-25,17079.500000,17082.330078,16915.650391,16960.570313,2396.0
2014-07-28,16956.910156,17001.380859,16877.720703,16982.589844,2399.0
2014-07-29,16984.330078,17056.460938,16912.109375,16912.109375,2400.0
2014-07-30,16920.109375,16983.939453,16817.160156,16880.359375,2401.0
2014-07-31,16869.630859,16869.630859,16563.300781,16563.300781,2402.0
2014-08-01,16561.699219,16584.750000,16437.070313,16493.369141,2403.0
2014-08-04,16493.720703,16596.220703,16447.199219,16569.279297,2406.0
2014-08-05,16559.970703,16559.970703,16369.549805,16429.470703,2407.0
2014-08-06,16425.099609,16490.699219,16372.320313,16443.339844,2408.0
2014-08-07,16448.289063,16504.349609,16333.780273,16368.269531,2409.0
2014-08-08,16369.679688,16556.589844,16364.219727,16553.929688,2410.0
2014-08-11,16557.269531,16627.990234,16557.269531,16569.980469,2413.0
2014-08-12,16565.550781,16589.310547,16518.060547,16560.539063,2414.0
2014-08-13,16567.539063,16670.289063,16567.539063,16651.800781,2415.0
2014-08-14,16657.320313,16714.220703,16651.669922,16713.580078,2416.0
2014-08-15,16717.009766,16775.269531,16575.419922,16662.910156,2417.0
2014-08-18,16664.449219,16840.279297,16664.449219,16838.740234,2420.0
2014-08-19,16839.060547,16929.130859,16839.060547,16919.589844,2421.0
2014-08-20,16910.029297,16994.890625,16896.550781,16979.130859,2422.0
2014-08-21,16983.880859,17074.589844,16983.880859,17039.490234,2423.0
2014-08-22,17038.269531,17064.279297,16984.519531,17001.220703,2424.0
2014-08-25,17011.810547,17124.740234,17011.810547,17076.869141,2427.0
2014-08-26,17079.570313,17153.800781,17079.570313,17106.699219,2428.0
2014-08-27,17111.029297,17134.599609,17090.609375,17122.009766,2429.0
2014-08-28,17119.060547,17119.060547,17018.330078,17079.570313,2430.0
2014-08-29,17083.419922,17110.419922,17035.380859,17098.449219,2431.0
2014-09-02,17097.419922,17113.509766,17009.070313,17067.560547,2435.0
2014-09-03,17067.240234,17151.890625,17060.210938,17078.279297,2436.0
2014-09-04,17083.609375,17161.550781,17030.119141,17069.580078,2437.0
2014-09-05,17065.890625,17137.359375,17009.619141,17137.359375,2438.0
2014-09-08,17131.710938,17137.880859,17079.169922,17111.419922,2441.0
2014-09-09,17110.390625,17111.550781,16993.289063,17013.869141,2442.0
2014-09-10,17016.050781,17080.269531,16974.570313,17068.710938,2443.0
2014-09-11,17057.410156,17057.410156,16983.880859,17049.000000,2444.0
2014-09-12,17044.050781,17044.050781,16937.669922,16987.509766,2445.0
2014-09-15,16988.759766,17051.849609,16951.380859,17031.140625,2448.0
2014-09-16,17027.160156,17167.050781,16985.550781,17131.970703,2449.0
2014-09-17,17131.009766,17221.109375,17089.009766,17156.849609,2450.0
2014-09-18,17163.730469,17275.369141,17163.730469,17265.990234,2451.0
2014-09-19,17267.210938,17350.640625,17257.460938,17279.740234,2452.0
2014-09-22,17271.710938,17277.880859,17159.359375,17172.679688,2455.0
2014-09-23,17165.910156,17171.880859,17055.869141,17055.869141,2456.0
2014-09-24,17056.640625,17226.599609,17033.929688,17210.060547,2457.0
2014-09-25,17204.859375,17204.859375,16945.800781,16945.800781,2458.0
2014-09-26,16948.619141,17148.150391,16948.109375,17113.150391,2459.0
2014-09-29,17107.689453,17107.689453,16934.429688,17071.220703,2462.0
2014-09-30,17070.449219,17145.099609,17017.109375,17042.900391,2463.0
2014-10-01,17040.460938,17041.160156,16776.130859,16804.710938,2464.0
2014-10-02,16808.269531,16857.250000,16674.039063,16801.050781,2465.0
2014-10-03,16802.199219,17027.839844,16802.199219,17009.689453,2466.0
2014-10-06,17010.339844,17099.390625,16930.380859,16991.910156,2469.0
2014-10-07,16988.250000,16988.250000,16715.789063,16719.390625,2470.0
2014-10-08,16718.650391,17006.910156,16663.259766,16994.220703,2471.0
2014-10-09,16989.369141,16989.369141,16649.039063,16659.250000,2472.0
2014-10-10,16654.880859,16757.599609,16543.910156,16544.099609,2473.0
2014-10-13,16535.429688,16602.410156,16310.469727,16321.070313,2476.0
2014-10-14,16321.900391,16463.669922,16273.639648,16315.190430,2477.0
2014-10-15,16313.299805,16313.299805,15855.120117,16141.740234,2478.0
2014-10-16,16137.139648,16211.120117,15935.219727,16117.240234,2479.0
2014-10-17,16118.389648,16427.380859,16118.389648,16380.410156,2480.0
2014-10-20,16373.150391,16401.630859,16260.540039,16399.669922,2483.0
2014-10-21,16406.029297,16620.779297,16405.769531,16614.810547,2484.0
2014-10-22,16615.259766,16653.890625,16459.849609,16461.320313,2485.0
2014-10-23,16468.070313,16767.519531,16468.070313,16677.900391,2486.0
2014-10-24,16677.039063,16811.710938,16649.720703,16805.410156,2487.0
2014-10-27,16796.099609,16836.980469,16729.830078,16817.939453,2490.0
2014-10-28,16825.189453,17006.449219,16825.189453,17005.750000,2491.0
2014-10-29,17005.070313,17065.500000,16895.380859,16974.310547,2492.0
2014-10-30,16968.140625,17223.960938,16920.759766,17195.419922,2493.0
2014-10-31,17208.779297,17395.539063,17208.779297,17390.519531,2494.0
2014-11-03,17390.900391,17410.650391,17339.849609,17366.240234,2497.0
2014-11-04,17368.810547,17397.230469,17278.359375,17383.839844,2498.0
2014-11-05,17385.759766,17486.589844,17385.759766,17484.529297,2499.0
2014-11-06,17491.660156,17560.310547,17440.349609,17554.470703,2500.0
2014-11-07,17558.580078,17575.330078,17493.369141,17573.929688,2501.0
2014-11-10,17568.980469,17621.869141,17547.509766,17613.740234,2504.0
2014-11-11,17615.640625,17638.210938,17584.939453,17614.900391,2505.0
2014-11-12,17604.750000,17626.710938,17536.169922,17612.199219,2506.0
2014-11-13,17618.689453,17705.480469,17583.880859,17652.789063,2507.0
2014-11-14,17653.109375,17664.150391,17613.199219,17634.740234,2508.0
2014-11-17,17631.849609,17675.070313,17606.810547,17647.750000,2511.0
2014-11-18,17643.089844,17735.710938,17642.029297,17687.820313,2512.0
2014-11-19,17685.509766,17712.259766,17624.500000,17685.730469,2513.0
2014-11-20,17677.320313,17720.439453,17603.890625,17719.000000,2514.0
2014-11-21,17721.019531,17894.830078,17721.019531,17810.060547,2515.0
2014-11-24,17812.630859,17855.269531,17793.189453,17817.900391,2518.0
2014-11-25,17819.050781,17854.730469,17790.890625,17814.939453,2519.0
2014-11-26,17812.250000,17833.759766,17791.160156,17827.750000,2520.0
2014-11-28,17830.550781,17893.419922,17807.779297,17828.240234,2522.0
2014-12-01,17827.269531,17827.269531,17726.550781,17776.800781,2525.0
2014-12-02,17778.849609,17897.050781,17778.849609,17879.550781,2526.0
2014-12-03,17880.900391,17924.150391,17855.589844,17912.619141,2527.0
2014-12-04,17910.019531,17937.960938,17814.810547,17900.099609,2528.0
2014-12-05,17903.050781,17991.189453,17903.050781,17958.789063,2529.0
2014-12-08,17954.939453,17960.560547,17804.279297,17852.480469,2532.0
2014-12-09,17847.369141,17847.369141,17629.570313,17801.199219,2533.0
2014-12-10,17797.990234,17797.990234,17508.099609,17533.150391,2534.0
2014-12-11,17534.300781,17758.509766,17534.300781,17596.339844,2535.0
2014-12-12,17590.050781,17590.050781,17280.830078,17280.830078,2536.0
2014-12-15,17285.740234,17403.539063,17115.279297,17180.839844,2539.0
2014-12-16,17173.070313,17427.439453,17067.589844,17068.869141,2540.0
2014-12-17,17069.160156,17389.300781,17069.160156,17356.869141,2541.0
2014-12-18,17367.849609,17778.400391,17367.849609,17778.150391,2542.0
2014-12-19,17778.019531,17874.029297,17746.550781,17804.800781,2543.0
2014-12-22,17812.250000,17962.779297,17812.250000,17959.439453,2546.0
2014-12-23,17971.509766,18069.220703,17970.160156,18024.169922,2547.0
2014-12-24,18035.730469,18086.240234,18027.779297,18030.210938,2548.0
2014-12-26,18038.300781,18103.449219,18038.300781,18053.710938,2550.0
2014-12-29,18046.580078,18073.039063,18021.570313,18038.230469,2553.0
2014-12-30,18035.019531,18035.019531,17959.699219,17983.070313,2554.0
2014-12-31,17987.660156,18043.220703,17820.880859,17823.070313,2555.0